return,sharpe_ratio,max._drawdown,win_rate,#_trades
-65.82037179814111,-0.3945032922906805,-87.63738560658673,0.0,1.0
